{
  "baseFontSize": 17,
  "translucency": true,
  "theme": "obsidian",
  "cssTheme": "Blue Topaz",
  "enabledCssSnippets": [
    "S - Images Adjustments",
    "S - Admonitions",
    "S - Aside",
    "S - Checkboxes",
    "S - Embed Adjustments",
    "S - Encoded Icons",
    "S - External Link Icons",
    "S - Kanban",
    "【日记】Time",
    "【自定义】mytools 样式",
    "【图标】iconfont",
    "custom-admonitions.c9c6cb"
  ],
  "baseFontSizeAction": true,
  "monospaceFontFamily": "RobotoMono Nerd Font Mono,Microsoft YaHei",
  "textFontFamily": "LXGW WenKai GB Screen,Microsoft YaHei UI",
  "accentColor": "#6776c1",
  "showViewHeader": true,
  "interfaceFontFamily": "PingFang SC,Microsoft YaHei UI",
  "nativeMenus": true
}