{
  "main": {
    "id": "9a0780749afe3857",
    "type": "split",
    "children": [
      {
        "id": "9e3ad2738ce50841",
        "type": "tabs",
        "children": [
          {
            "id": "1f7b928a3387f6d1",
            "type": "leaf",
            "state": {
              "type": "markdown",
              "state": {
                "file": "private/02-Reading/3-people/Zhensong.Chen.md",
                "mode": "source",
                "source": false
              }
            }
          }
        ],
        "stacked": true
      }
    ],
    "direction": "vertical"
  },
  "left": {
    "id": "169762c0897285b5",
    "type": "split",
    "children": [
      {
        "id": "66a927cf4be47876",
        "type": "tabs",
        "children": [
          {
            "id": "3090910a3bbb4bfa",
            "type": "leaf",
            "state": {
              "type": "file-explorer",
              "state": {
                "sortOrder": "alphabetical"
              }
            }
          },
          {
            "id": "c42e994501266a20",
            "type": "leaf",
            "state": {
              "type": "bookmarks",
              "state": {}
            }
          },
          {
            "id": "fffbf7b1713c1e68",
            "type": "leaf",
            "state": {
              "type": "search",
              "state": {
                "query": "button",
                "matchingCase": false,
                "explainSearch": false,
                "collapseAll": false,
                "extraContext": false,
                "sortOrder": "alphabetical"
              }
            }
          }
        ]
      }
    ],
    "direction": "horizontal",
    "width": 207
  },
  "right": {
    "id": "6e7011190a6a4416",
    "type": "split",
    "children": [
      {
        "id": "2c47daab7a7f6b09",
        "type": "tabs",
        "dimension": 40.609137055837564,
        "children": [
          {
            "id": "ec1d354533e6cbd2",
            "type": "leaf",
            "state": {
              "type": "tag",
              "state": {
                "sortOrder": "frequency",
                "useHierarchy": true
              }
            }
          },
          {
            "id": "0d92b31ac7bc3511",
            "type": "leaf",
            "state": {
              "type": "calendar",
              "state": {}
            }
          },
          {
            "id": "b4bbb6d3769d62dc",
            "type": "leaf",
            "state": {
              "type": "advanced-tables-toolbar",
              "state": {}
            }
          }
        ],
        "currentTab": 2
      },
      {
        "id": "4f101d806a54a17c",
        "type": "tabs",
        "dimension": 59.390862944162436,
        "children": [
          {
            "id": "450ad81cf27a4dff",
            "type": "leaf",
            "state": {
              "type": "outline",
              "state": {
                "file": "private/02-Reading/3-people/Zhensong.Chen.md"
              }
            }
          },
          {
            "id": "227681cc38450669",
            "type": "leaf",
            "state": {
              "type": "backlink",
              "state": {
                "file": "private/02-Reading/3-people/Zhensong.Chen.md",
                "collapseAll": false,
                "extraContext": false,
                "sortOrder": "alphabetical",
                "showSearch": true,
                "searchQuery": "",
                "backlinkCollapsed": false,
                "unlinkedCollapsed": true
              }
            }
          },
          {
            "id": "60ed30d1cc6d4c8d",
            "type": "leaf",
            "state": {
              "type": "recent-files",
              "state": {}
            }
          },
          {
            "id": "2076342018046708",
            "type": "leaf",
            "state": {
              "type": "markdown",
              "state": {
                "file": "private/08-Assets/Scripts/常用工具.md",
                "mode": "preview",
                "source": false
              }
            }
          },
          {
            "id": "769c3efb64d7f376",
            "type": "leaf",
            "state": {
              "type": "kanban",
              "state": {
                "file": "private/00-MOC/任务看板.md"
              }
            }
          }
        ],
        "currentTab": 2
      }
    ],
    "direction": "horizontal",
    "width": 245
  },
  "left-ribbon": {
    "hiddenItems": {
      "templater-obsidian:Templater": true,
      "table-editor-obsidian:Advanced Tables Toolbar": true,
      "graph:查看关系图谱": false,
      "daily-notes:打开/创建今天的日记": false,
      "command-palette:打开命令面板": true,
      "zk-prefixer:创建时间戳笔记": false,
      "audio-recorder:开始/结束录音": false,
      "workspaces:管理工作区布局": false,
      "obsidian-statusbar-pomo:Start pomodoro": true,
      "obsidian-advanced-slides:Show Slide Preview": false,
      "obsidian-excalidraw-plugin:新建 Excalidraw 绘图": false,
      "obsidian-gallery:Gallery": false,
      "remotely-save:Remotely Save": false
    }
  },
  "active": "1f7b928a3387f6d1",
  "lastOpenFiles": [
    "private/02-Reading/3-people/Humberto Bustince.md",
    "private/02-Reading/3-people/Zhensong.Chen.md",
    "private/02-Reading/summary/2022-04-02_文献阅读小结.md",
    "private/02-Reading/summary/2022-05-24_文献阅读小结.md",
    "private/09-Templates/大牛页面模板.md",
    "private/02-Reading/3-people/Luis Martínez.md",
    "private/08-Assets/Scripts/常用工具.md",
    "private/00-MOC/任务看板.md",
    "private/00-MOC/本周事务表.md",
    "private/01-Diary/本周事务/数值分析作业-数值微分.md",
    "private/01-Diary/本周事务/数值分析作业-拟合和最小二乘法.md",
    "private/01-Diary/本周事务/商业计划书.md",
    "private/09-Templates/草稿模板.md",
    "private/01-Diary/本周事务/概率论作业-第四章+第五章.md",
    "private/08-Assets/pdfs/zotero data/storage/DI5EI8PC",
    "private/08-Assets/pdfs/zotero data/storage/89IMABZQ/Zhou 等 - 2022 - Marginalization in random permutation set theory .pdf",
    "private/08-Assets/pdfs/zotero data/storage/89IMABZQ",
    "LiteratureNotes/deng2022random.md",
    "LiteratureNotes",
    "private/08-Assets/pdfs/zotero data/zotero.sqlite.tmp",
    "private/08-Assets/pdfs/zotero data/better-bibtex.sqlite.tmp",
    "private/08-Assets/pdfs/zotero data/better-bibtex.sqlite-journal",
    "private/08-Assets/pdfs/zotero data/zotero.sqlite-journal",
    "private/01-Diary/日志存档/2023-04-16.md",
    "private/00-MOC/TO-DO list.md",
    "private/08-Assets/Excalidraw/Drawing 2023-05-12 21.50.07.excalidraw.md",
    "private/08-Assets/Excalidraw/Drawing 2023-05-04 20.20.15.excalidraw.md",
    "private/01-Diary/本周事务/test.md",
    "private/01-Diary/本周事务/未命名 1.md",
    "private/01-Diary/本周事务/未命名.md",
    "private/08-Assets/Excalidraw/Drawing 2023-05-12 21.50.07.excalidraw.png",
    "private/01-Diary/本周事务/数学建模作业-减速带.md",
    "private/09-Templates/每月总结.md",
    "private/09-Templates/每周文献小结.md",
    "private/09-Templates/词条模板.md",
    "private/08-Assets/cedict_1_0_ts_utf-8_mdbg.zip",
    "private/08-Assets/pdfs/zotero data/tmp/translator.json",
    "private/08-Assets/Pasted image 20230510115520.png",
    "private/08-Assets/Pasted image 20230507223709.png",
    "private/08-Assets/Pasted image 20230507213856.png",
    "private/08-Assets/Pasted image 20230507213855.png",
    "private/08-Assets/Pasted image 20230507213854.png",
    "private/08-Assets/Pasted image 20230507213851.png",
    "images/etlt-extract-tweak-load-transform.png"
  ]
}