{
  "main": {
    "id": "9a0780749afe3857",
    "type": "split",
    "children": [
      {
        "id": "0db2ce503accd143",
        "type": "tabs",
        "children": [
          {
            "id": "4a2d5e2c0e6ea8f3",
            "type": "leaf",
            "state": {
              "type": "markdown",
              "state": {
                "file": "01-Diary/日志存档/2023-02-04.md",
                "mode": "source",
                "source": false
              }
            }
          }
        ]
      }
    ],
    "direction": "vertical"
  },
  "left": {
    "id": "e82f7913b8af68ac",
    "type": "mobile-drawer",
    "children": [
      {
        "id": "7fa874a28c3c55b5",
        "type": "leaf",
        "state": {
          "type": "file-explorer",
          "state": {
            "sortOrder": "alphabetical"
          }
        }
      },
      {
        "id": "25607377e3d10543",
        "type": "leaf",
        "state": {
          "type": "search",
          "state": {
            "query": "",
            "matchingCase": true,
            "explainSearch": false,
            "collapseAll": true,
            "extraContext": false,
            "sortOrder": "alphabetical"
          }
        }
      },
      {
        "id": "371ee01ab5ac58e5",
        "type": "leaf",
        "state": {
          "type": "tag",
          "state": {
            "sortOrder": "frequency",
            "useHierarchy": true
          }
        }
      },
      {
        "id": "3d787e95e032bbd3",
        "type": "leaf",
        "state": {
          "type": "recent-files",
          "state": {}
        }
      }
    ],
    "currentTab": 0
  },
  "right": {
    "id": "743301f5cd532b2f",
    "type": "mobile-drawer",
    "children": [
      {
        "id": "a4f075f141db1b65",
        "type": "leaf",
        "state": {
          "type": "backlink",
          "state": {
            "file": "01-Diary/日志存档/2023-02-04.md",
            "collapseAll": true,
            "extraContext": false,
            "sortOrder": "alphabetical",
            "showSearch": false,
            "searchQuery": "",
            "backlinkCollapsed": false,
            "unlinkedCollapsed": true
          }
        }
      },
      {
        "id": "c54a1890a3941639",
        "type": "leaf",
        "state": {
          "type": "outgoing-link",
          "state": {
            "file": "01-Diary/日志存档/2023-02-04.md",
            "linksCollapsed": false,
            "unlinkedCollapsed": true
          }
        }
      },
      {
        "id": "93f5242620403670",
        "type": "leaf",
        "state": {
          "type": "outline",
          "state": {
            "file": "01-Diary/日志存档/2023-02-04.md"
          }
        }
      },
      {
        "id": "9258ce5a36af73ec",
        "type": "leaf",
        "state": {
          "type": "calendar",
          "state": {}
        }
      }
    ],
    "currentTab": 0
  },
  "active": "4a2d5e2c0e6ea8f3",
  "lastOpenFiles": [
    "01-Diary/日志存档/2023-02-02.md",
    "00-MOC/愿望清单.md",
    "01-Diary/日志存档/2023-02-04.md",
    "01-Diary/日志存档/2023-02-05.md",
    "01-Diary/日志存档/2023-02-06.md",
    "01-Diary/日志存档/2022-05-06.md",
    "03-Projects/97-作业-杂项/Nabla算子-梯度、旋度、散度.md",
    "01-Diary/本周事务/Untitled.md",
    "10-blog/source/_posts/Physics/电磁学-第二章 电势.md",
    "07-Archives/Academic Rookie (group work) demo.md"
  ]
}