{
  "workspaces": {
    "文献阅读": {
      "main": {
        "id": "9a0780749afe3857",
        "type": "split",
        "children": [
          {
            "id": "0d255cdd69daa9bf",
            "type": "leaf",
            "pinned": true,
            "state": {
              "type": "markdown",
              "state": {
                "file": "00-MOC/阅读清单.md",
                "mode": "preview"
              },
              "pinned": true
            }
          }
        ],
        "direction": "vertical"
      },
      "left": {
        "id": "169762c0897285b5",
        "type": "split",
        "children": [
          {
            "id": "66a927cf4be47876",
            "type": "tabs",
            "children": [
              {
                "id": "3090910a3bbb4bfa",
                "type": "leaf",
                "state": {
                  "type": "file-explorer",
                  "state": {}
                }
              },
              {
                "id": "d4cc5673d41093ba",
                "type": "leaf",
                "state": {
                  "type": "search",
                  "state": {
                    "query": "",
                    "matchingCase": true,
                    "explainSearch": true,
                    "collapseAll": true,
                    "extraContext": false,
                    "sortOrder": "alphabetical"
                  }
                }
              },
              {
                "id": "af328bc8c7dd1264",
                "type": "leaf",
                "state": {
                  "type": "starred",
                  "state": {}
                }
              }
            ]
          }
        ],
        "direction": "horizontal",
        "width": 207,
        "collapsed": true
      },
      "right": {
        "id": "6e7011190a6a4416",
        "type": "split",
        "children": [
          {
            "id": "2c47daab7a7f6b09",
            "type": "tabs",
            "dimension": 40.609137055837564,
            "children": [
              {
                "id": "ec1d354533e6cbd2",
                "type": "leaf",
                "state": {
                  "type": "tag",
                  "state": {
                    "sortOrder": "frequency",
                    "useHierarchy": true
                  }
                }
              },
              {
                "id": "0d92b31ac7bc3511",
                "type": "leaf",
                "state": {
                  "type": "calendar",
                  "state": {}
                }
              },
              {
                "id": "b4bbb6d3769d62dc",
                "type": "leaf",
                "state": {
                  "type": "advanced-tables-toolbar",
                  "state": {}
                }
              }
            ],
            "currentTab": 1
          },
          {
            "id": "4f101d806a54a17c",
            "type": "tabs",
            "dimension": 59.390862944162436,
            "children": [
              {
                "id": "450ad81cf27a4dff",
                "type": "leaf",
                "state": {
                  "type": "outline",
                  "state": {
                    "file": "00-MOC/阅读清单.md"
                  }
                }
              },
              {
                "id": "227681cc38450669",
                "type": "leaf",
                "state": {
                  "type": "backlink",
                  "state": {
                    "file": "00-MOC/阅读清单.md",
                    "collapseAll": false,
                    "extraContext": false,
                    "sortOrder": "alphabetical",
                    "showSearch": true,
                    "searchQuery": "",
                    "backlinkCollapsed": false,
                    "unlinkedCollapsed": true
                  }
                }
              },
              {
                "id": "60ed30d1cc6d4c8d",
                "type": "leaf",
                "state": {
                  "type": "recent-files",
                  "state": {}
                }
              }
            ],
            "currentTab": 2
          }
        ],
        "direction": "horizontal",
        "width": 245
      },
      "active": "0d255cdd69daa9bf"
    },
    "stack": {
      "main": {
        "id": "9a0780749afe3857",
        "type": "split",
        "children": [
          {
            "id": "9e3ad2738ce50841",
            "type": "tabs",
            "children": [
              {
                "id": "1f7b928a3387f6d1",
                "type": "leaf",
                "state": {
                  "type": "empty",
                  "state": {}
                }
              }
            ],
            "stacked": true
          }
        ],
        "direction": "vertical"
      },
      "left": {
        "id": "169762c0897285b5",
        "type": "split",
        "children": [
          {
            "id": "66a927cf4be47876",
            "type": "tabs",
            "children": [
              {
                "id": "3090910a3bbb4bfa",
                "type": "leaf",
                "state": {
                  "type": "file-explorer",
                  "state": {
                    "sortOrder": "alphabetical"
                  }
                }
              },
              {
                "id": "c42e994501266a20",
                "type": "leaf",
                "state": {
                  "type": "bookmarks",
                  "state": {}
                }
              },
              {
                "id": "fffbf7b1713c1e68",
                "type": "leaf",
                "state": {
                  "type": "search",
                  "state": {
                    "query": "button",
                    "matchingCase": false,
                    "explainSearch": false,
                    "collapseAll": false,
                    "extraContext": false,
                    "sortOrder": "alphabetical"
                  }
                }
              }
            ]
          }
        ],
        "direction": "horizontal",
        "width": 207,
        "collapsed": true
      },
      "right": {
        "id": "6e7011190a6a4416",
        "type": "split",
        "children": [
          {
            "id": "2c47daab7a7f6b09",
            "type": "tabs",
            "dimension": 40.609137055837564,
            "children": [
              {
                "id": "ec1d354533e6cbd2",
                "type": "leaf",
                "state": {
                  "type": "tag",
                  "state": {
                    "sortOrder": "frequency",
                    "useHierarchy": true
                  }
                }
              },
              {
                "id": "0d92b31ac7bc3511",
                "type": "leaf",
                "state": {
                  "type": "calendar",
                  "state": {}
                }
              },
              {
                "id": "b4bbb6d3769d62dc",
                "type": "leaf",
                "state": {
                  "type": "advanced-tables-toolbar",
                  "state": {}
                }
              }
            ],
            "currentTab": 2
          },
          {
            "id": "4f101d806a54a17c",
            "type": "tabs",
            "dimension": 59.390862944162436,
            "children": [
              {
                "id": "450ad81cf27a4dff",
                "type": "leaf",
                "state": {
                  "type": "outline",
                  "state": {}
                }
              },
              {
                "id": "227681cc38450669",
                "type": "leaf",
                "state": {
                  "type": "backlink",
                  "state": {
                    "collapseAll": false,
                    "extraContext": false,
                    "sortOrder": "alphabetical",
                    "showSearch": true,
                    "searchQuery": "",
                    "backlinkCollapsed": false,
                    "unlinkedCollapsed": true
                  }
                }
              },
              {
                "id": "60ed30d1cc6d4c8d",
                "type": "leaf",
                "state": {
                  "type": "recent-files",
                  "state": {}
                }
              },
              {
                "id": "2076342018046708",
                "type": "leaf",
                "state": {
                  "type": "markdown",
                  "state": {
                    "file": "private/08-Assets/Scripts/常用工具.md",
                    "mode": "preview",
                    "source": false
                  }
                }
              },
              {
                "id": "769c3efb64d7f376",
                "type": "leaf",
                "state": {
                  "type": "kanban",
                  "state": {
                    "file": "private/00-MOC/任务看板.md"
                  }
                }
              }
            ],
            "currentTab": 2
          }
        ],
        "direction": "horizontal",
        "width": 245
      },
      "left-ribbon": {
        "hiddenItems": {
          "templater-obsidian:Templater": true,
          "table-editor-obsidian:Advanced Tables Toolbar": true,
          "graph:查看关系图谱": false,
          "daily-notes:打开/创建今天的日记": false,
          "command-palette:打开命令面板": true,
          "zk-prefixer:创建时间戳笔记": false,
          "audio-recorder:开始/结束录音": false,
          "workspaces:管理工作区布局": false,
          "obsidian-statusbar-pomo:Start pomodoro": true,
          "obsidian-advanced-slides:Show Slide Preview": false,
          "obsidian-excalidraw-plugin:新建 Excalidraw 绘图": false,
          "obsidian-gallery:Gallery": false,
          "remotely-save:Remotely Save": false
        }
      },
      "active": "60ed30d1cc6d4c8d"
    }
  },
  "active": "stack"
}